Workbook

Sheet Summary
A1: Gemini-distilled fine-tunes — Llama-3.2 (3B) vs Ministral-3 (3B)
A2: Both models scored on the same 3,184 held-out test tickets, labels from Gemini distillation. Priority (4 classes), Sentiment (3 classes), Category (12 labels, multi-label).
A4: Task | B4: Metric | C4: Fine-Tuned Llama-3.2 (3B) | D4: Fine-Tuned Ministral-3 (3B) | E4: Δ (Llama − Ministral) | F4: Better
A5: Priority | B5: Accuracy | C5: =Priority!C9 -> 0.876256 | D5: =Priority!F9 -> 0.853 | E5: =C5-D5 -> 0.023256 | F5: =IF(ABS(E5)<0.005,"Tie",IF(E5>0,"Llama-3.2","Ministral-3")) -> Llama-3.2
A6: Priority | B6: Macro-F1 | C6: =Priority!E10 -> 0.8 | D6: =Priority!H10 -> 0.73 | E6: =C6-D6 -> 0.07 | F6: =IF(ABS(E6)<0.005,"Tie",IF(E6>0,"Llama-3.2","Ministral-3")) -> Llama-3.2
A7: Priority | B7: Critical recall (rarest class) | C7: =Priority!D8 -> 0.53 | D7: =Priority!G8 -> 0.3 | E7: =C7-D7 -> 0.23 | F7: =IF(ABS(E7)<0.005,"Tie",IF(E7>0,"Llama-3.2","Ministral-3")) -> Llama-3.2
A8: Sentiment | B8: Accuracy | C8: =Sentiment!C8 -> 0.823807 | D8: =Sentiment!F8 -> 0.7839 | E8: =C8-D8 -> 0.039907 | F8: =IF(ABS(E8)<0.005,"Tie",IF(E8>0,"Llama-3.2","Ministral-3")) -> Llama-3.2
A9: Sentiment | B9: Macro-F1 | C9: =Sentiment!E9 -> 0.77 | D9: =Sentiment!H9 -> 0.66 | E9: =C9-D9 -> 0.11 | F9: =IF(ABS(E9)<0.005,"Tie",IF(E9>0,"Llama-3.2","Ministral-3")) -> Llama-3.2
A10: Sentiment | B10: Negative recall (weakest class) | C10: =Sentiment!D6 -> 0.61 | D10: =Sentiment!G6 -> 0.24 | E10: =C10-D10 -> 0.37 | F10: =IF(ABS(E10)<0.005,"Tie",IF(E10>0,"Llama-3.2","Ministral-3")) -> Llama-3.2
A11: Category | B11: Exact-set-match accuracy | C11: =Category!B6 -> 0.809987 | D11: =Category!C6 -> 0.7513 | E11: =C11-D11 -> 0.058687 | F11: =IF(ABS(E11)<0.005,"Tie",IF(E11>0,"Llama-3.2","Ministral-3")) -> Llama-3.2
A12: Category | B12: Macro-F1 (41 combinations) | C12: =Category!B7 -> 0.37804878 | D12: =Category!C7 -> 0.26195122 | E12: =C12-D12 -> 0.11609756 | F12: =IF(ABS(E12)<0.005,"Tie",IF(E12>0,"Llama-3.2","Ministral-3")) -> Llama-3.2
A13: Category | B13: Weighted-F1 (41 combinations) | C13: =Category!B8 -> 0.80568781 | D13: =Category!C8 -> 0.71698807 | E13: =C13-D13 -> 0.088699749 | F13: =IF(ABS(E13)<0.005,"Tie",IF(E13>0,"Llama-3.2","Ministral-3")) -> Llama-3.2
A15: What separates the two models
A16: • Sentiment: Ministral rarely recognises Negative tickets (recall 0.24 vs 0.61) and over-predicts Frustrated (precision 0.66); Llama is more balanced.
A17: • Priority: Ministral misses most Critical tickets (recall 0.30 vs 0.53) and under-recalls Medium (0.61 vs 0.78); it is slightly better on High recall (0.95 vs 0.90).
A18: • Category: both do best on single labels and Billing-based combinations; Ministral scores 0 on most other multi-category combinations while Llama gets partial credit (see Category_Combos). On tickets with 2+ labels Llama's exact-set accuracy is about 0.68 vs 0.56.
A19: • Category scores are compared per exact label combination (41 combinations), the protocol Ministral was reported with; Llama's per-label (12-label) report is kept on the Category sheet.
A21: Llama-3.2 (3B) training run
A22: Setup | B22: meta-llama/Llama-3.2-3B-Instruct, 4-bit NF4 QLoRA (r=16, alpha=32), 3 epochs on a single Tesla T4 (fp16)
A23: Data | B23: 9,000 train + 1,000 validation from train_with_cot.csv (with Gemini reasoning); 3,184 held-out test rows
A24: Runtime / loss | B24: 18,584 s (~5.2 h), 1,686 steps; best validation loss 0.2786 at step 1600 (val loss fell at every eval: 0.398 at step 200 to 0.279); final train loss ~0.17
A25: Ministral-3 (3B) | B25: Training configuration is not recorded in this workbook; only its test-set report was provided.
A27: Reference: previous Llama-3.2 (3B) from Results.xlsx (different dataset and labels; NOT directly comparable)
A28: Task | B28: Metric | C28: Previous Llama-3.2 | D28: New Llama-3.2 | E28: Comparability
A29: Priority | B29: Accuracy | C29: 0.7705 | D29: =Priority!C9 -> 0.876256 | E29: Different classes (Urgent vs Critical) and label source.
A30: Priority | B30: Macro-F1 | C30: 0.7839 | D30: =Priority!E10 -> 0.8 | E30: Same caveat.
A31: Sentiment | B31: Accuracy | C31: 0.776 | D31: =Sentiment!C8 -> 0.823807 | E31: Previous had 4 classes (Positive, Strongly Negative); new has 3.
A32: Sentiment | B32: Macro-F1 | C32: 0.7002 | D32: =Sentiment!E9 -> 0.77 | E32: Same caveat.
A33: Category | B33: Accuracy vs exact-set-match | C33: 0.965 | D33: =Category!B6 -> 0.809987 | E33: NOT comparable: previous was single-label (8 classes), new is multi-label (12).
A35: Caveat: test labels come from Gemini (distillation), so scores measure agreement with Gemini, not with human ground truth.
A36: Previous-model values are the Llama-3.2 (3B) columns of Results.xlsx (Accuracy and Macro-F1 as recorded there).

Sheet Priority
A1: Priority — Ministral-3 (3B) vs Llama-3.2 (3B), Gemini-distilled
A2: Same held-out test set for both models (n = 3,184). Blue = value copied from the run log (per-class values are rounded to 2 dp as printed by sklearn); black = formula; green = link to another sheet.
A3: Class / Metric | B3: Support | C3: Fine-Tuned Llama-3.2 (3B) | F3: Fine-Tuned Ministral-3 (3B) | I3: Δ F1 (Llama − Ministral)
C4: Precision | D4: Recall | E4: F1-Score | F4: Precision | G4: Recall | H4: F1-Score
A5: Low | B5: 795 | C5: 0.95 | D5: 0.94 | E5: 0.94 | F5: 0.88 | G5: 0.94 | H5: 0.91 | I5: =E5-H5 -> 0.03
A6: Medium | B6: 795 | C6: 0.77 | D6: 0.78 | E6: 0.78 | F6: 0.81 | G6: 0.61 | H6: 0.69 | I6: =E6-H6 -> 0.09
A7: High | B7: 1547 | C7: 0.9 | D7: 0.9 | E7: 0.9 | F7: 0.86 | G7: 0.95 | H7: 0.9 | I7: =E7-H7 -> 0
A8: Critical | B8: 47 | C8: 0.64 | D8: 0.53 | E8: 0.58 | F8: 0.74 | G8: 0.3 | H8: 0.42 | I8: =E8-H8 -> 0.16
A9: Overall Accuracy | C9: 0.876256 | F9: 0.853 | I9: =C9-F9 -> 0.023256
A10: Macro Avg | B10: =SUM(B5:B8) -> 3184 | C10: =AVERAGE(C5:C8) -> 0.815 | D10: =AVERAGE(D5:D8) -> 0.7875 | E10: =AVERAGE(E5:E8) -> 0.8 | F10: =AVERAGE(F5:F8) -> 0.8225 | G10: =AVERAGE(G5:G8) -> 0.7 | H10: =AVERAGE(H5:H8) -> 0.73 | I10: =E10-H10 -> 0.07
A11: Weighted Avg | B11: =SUM(B5:B8) -> 3184 | C11: =SUMPRODUCT(C5:C8,$B$5:$B$8)/SUM($B$5:$B$8) -> 0.87618719 | D11: =SUMPRODUCT(D5:D8,$B$5:$B$8)/SUM($B$5:$B$8) -> 0.87456344 | E11: =SUMPRODUCT(E5:E8,$B$5:$B$8)/SUM($B$5:$B$8) -> 0.87530151 | F11: =SUMPRODUCT(F5:F8,$B$5:$B$8)/SUM($B$5:$B$8) -> 0.85073807 | G11: =SUMPRODUCT(G5:G8,$B$5:$B$8)/SUM($B$5:$B$8) -> 0.85301508 | H11: =SUMPRODUCT(H5:H8,$B$5:$B$8)/SUM($B$5:$B$8) -> 0.84297739 | I11: =E11-H11 -> 0.032324121
A13: Green Δ = Llama-3.2 better, orange Δ = Ministral-3 better (differences under 0.005 uncoloured). On the Overall Accuracy row, Δ is the accuracy difference.
A14: Overall Accuracy is the exact value printed by each run; Macro/Weighted rows are computed here from the rounded per-class values.
A15: Critical is the rarest class (47 tickets, 1.5%): its scores are noisy for both models.

Sheet Sentiment
A1: Sentiment — Ministral-3 (3B) vs Llama-3.2 (3B), Gemini-distilled
A2: Same held-out test set for both models (n = 3,184). Blue = value copied from the run log (per-class values are rounded to 2 dp as printed by sklearn); black = formula; green = link to another sheet.
A3: Class / Metric | B3: Support | C3: Fine-Tuned Llama-3.2 (3B) | F3: Fine-Tuned Ministral-3 (3B) | I3: Δ F1 (Llama − Ministral)
C4: Precision | D4: Recall | E4: F1-Score | F4: Precision | G4: Recall | H4: F1-Score
A5: Neutral | B5: 1732 | C5: 0.89 | D5: 0.9 | E5: 0.9 | F5: 0.89 | G5: 0.85 | H5: 0.87 | I5: =E5-H5 -> 0.03
A6: Negative | B6: 356 | C6: 0.68 | D6: 0.61 | E6: 0.64 | F6: 0.83 | G6: 0.24 | H6: 0.37 | I6: =E6-H6 -> 0.27
A7: Frustrated | B7: 1096 | C7: 0.76 | D7: 0.77 | E7: 0.77 | F7: 0.66 | G7: 0.86 | H7: 0.74 | I7: =E7-H7 -> 0.03
A8: Overall Accuracy | C8: 0.823807 | F8: 0.7839 | I8: =C8-F8 -> 0.039907
A9: Macro Avg | B9: =SUM(B5:B7) -> 3184 | C9: =AVERAGE(C5:C7) -> 0.77666667 | D9: =AVERAGE(D5:D7) -> 0.76 | E9: =AVERAGE(E5:E7) -> 0.77 | F9: =AVERAGE(F5:F7) -> 0.79333333 | G9: =AVERAGE(G5:G7) -> 0.65 | H9: =AVERAGE(H5:H7) -> 0.66 | I9: =E9-H9 -> 0.11
A10: Weighted Avg | B10: =SUM(B5:B7) -> 3184 | C10: =SUMPRODUCT(C5:C7,$B$5:$B$7)/SUM($B$5:$B$7) -> 0.82177136 | D10: =SUMPRODUCT(D5:D7,$B$5:$B$7)/SUM($B$5:$B$7) -> 0.82282663 | E10: =SUMPRODUCT(E5:E7,$B$5:$B$7)/SUM($B$5:$B$7) -> 0.8261809 | F10: =SUMPRODUCT(F5:F7,$B$5:$B$7)/SUM($B$5:$B$7) -> 0.8041206 | G10: =SUMPRODUCT(G5:G7,$B$5:$B$7)/SUM($B$5:$B$7) -> 0.78523869 | H10: =SUMPRODUCT(H5:H7,$B$5:$B$7)/SUM($B$5:$B$7) -> 0.76934673 | I10: =E10-H10 -> 0.056834171
A12: Green Δ = Llama-3.2 better, orange Δ = Ministral-3 better (differences under 0.005 uncoloured). On the Overall Accuracy row, Δ is the accuracy difference.
A13: Overall Accuracy is the exact value printed by each run; Macro/Weighted rows are computed here from the rounded per-class values.
A14: Frustrated = Gemini's sentiment reasoning affirmatively mentions frustration; Positive was folded into Neutral.

Sheet Category
A1: Category (multi-label) — Ministral-3 (3B) vs Llama-3.2 (3B), Gemini-distilled
A2: Same held-out test set for both models (n = 3,184). Blue = value copied from the run log (per-class values are rounded to 2 dp as printed by sklearn); black = formula; green = link to another sheet.
A4: 1. Head-to-head, scored per exact label combination (same protocol as Ministral's report; 41 combinations)
A5: Metric | B5: Fine-Tuned Llama-3.2 (3B) | C5: Fine-Tuned Ministral-3 (3B) | D5: Δ (Llama − Ministral) | E5: How it is measured
A6: Exact-set-match accuracy | B6: =Category_Combos!C46 -> 0.809987 | C6: =Category_Combos!F46 -> 0.7513 | D6: =B6-C6 -> 0.058687 | E6: A ticket is correct only if the WHOLE predicted category set equals the true set.
A7: Macro-F1 (41 combinations) | B7: =Category_Combos!E47 -> 0.37804878 | C7: =Category_Combos!H47 -> 0.26195122 | D7: =B7-C7 -> 0.11609756 | E7: Unweighted mean over the 41 true combinations; rare combinations count as much as common ones.
A8: Weighted-F1 (41 combinations) | B8: =Category_Combos!E48 -> 0.80568781 | C8: =Category_Combos!H48 -> 0.71698807 | D8: =B8-C8 -> 0.088699749 | E8: Mean over combinations weighted by how many tickets each has.
A10: Macro-F1 is low for BOTH models (about 0.3-0.4) because most of the 41 combinations are tiny (1-5 tickets) multi-label combos that neither model gets right. Llama's combination-level numbers come from its per-ticket test_results.csv; 3 tickets where Llama named a label outside the 12-label taxonomy (Security, Documentation, Accessibility) are counted as wrong. Ministral's per-label (12-label) metrics cannot be rebuilt from its combination-level report, so a per-label comparison is not possible.
A12: 2. Fine-Tuned Llama-3.2 (3B) — per-label (multi-label) report
A13: Label | B13: Precision | C13: Recall | D13: F1-Score | E13: Support
A14: Account Access | B14: 0.82 | C14: 0.85 | D14: 0.84 | E14: 620
A15: Authentication | B15: 0.87 | C15: 0.87 | D15: 0.87 | E15: 270
A16: Billing & Invoicing | B16: 0.91 | C16: 0.88 | D16: 0.9 | E16: 1139
A17: Content & Media | B17: 0.71 | C17: 0.67 | D17: 0.69 | E17: 18
A18: Data Integrity | B18: 0.61 | C18: 0.79 | D18: 0.69 | E18: 29
A19: Feature Request | B19: 0.98 | C19: 0.98 | D19: 0.98 | E19: 367
A20: Performance | B20: 0.91 | C20: 0.91 | D20: 0.91 | E20: 248
A21: Refunds | B21: 0.87 | C21: 0.91 | D21: 0.89 | E21: 198
A22: Service Outage | B22: 0.65 | C22: 0.62 | D22: 0.63 | E22: 21
A23: Subscription Management | B23: 0.83 | C23: 0.78 | D23: 0.81 | E23: 500
A24: Technical Support | B24: 0.92 | C24: 0.88 | D24: 0.9 | E24: 547
A25: UI/UX | B25: 0.71 | C25: 0.62 | D25: 0.67 | E25: 72
A26: Macro Avg | B26: =AVERAGE(B14:B25) -> 0.81583333 | C26: =AVERAGE(C14:C25) -> 0.81333333 | D26: =AVERAGE(D14:D25) -> 0.815 | E26: =SUM(E14:E25) -> 4029
A27: Weighted Avg | B27: =SUMPRODUCT(B14:B25,$E$14:$E$25)/SUM($E$14:$E$25) -> 0.88132787 | C27: =SUMPRODUCT(C14:C25,$E$14:$E$25)/SUM($E$14:$E$25) -> 0.86714569 | D27: =SUMPRODUCT(D14:D25,$E$14:$E$25)/SUM($E$14:$E$25) -> 0.87703152 | E27: =SUM(E14:E25) -> 4029
A28: Micro Avg | B28: 0.88 | C28: 0.87 | D28: 0.87 | E28: =SUM(E14:E25) -> 4029
A29: Samples Avg | B29: 0.89 | C29: 0.89 | D29: 0.88 | E29: =SUM(E14:E25) -> 4029
A31: Micro/Samples Avg are copied from the sklearn report (not derivable from rounded per-label rows). Rare labels (Content & Media n=18, Service Outage n=21, Data Integrity n=29) have small support and noisy scores.
A32: 5 test tickets (0.16%) carry the label 'Other', which is not one of Llama's 12 scored labels; Llama gets all 5 wrong at combination level.

Sheet Category_Combos
A1: Category — scored per exact label combination (41 combinations), Llama-3.2 (3B) vs Ministral-3 (3B)
A2: Same held-out test set for both models (n = 3,184). Blue = value copied from the run log (per-class values are rounded to 2 dp as printed by sklearn); black = formula; green = link to another sheet.
A3: Category combination | B3: Support | C3: Fine-Tuned Llama-3.2 (3B) | F3: Fine-Tuned Ministral-3 (3B) | I3: Δ F1 (Llama − Ministral) | J3: # labels
C4: Precision | D4: Recall | E4: F1-Score | F4: Precision | G4: Recall | H4: F1-Score
A5: Account Access | B5: 563 | C5: 0.82 | D5: 0.87 | E5: 0.84 | F5: 0.88 | G5: 0.76 | H5: 0.82 | I5: =E5-H5 -> 0.02 | J5: =IF(A5="Other",1,LEN(A5)-LEN(SUBSTITUTE(A5,",",""))+1) -> 1
A6: Account Access, Authentication | B6: 2 | C6: 0 | D6: 0 | E6: 0 | F6: 0 | G6: 0 | H6: 0 | I6: =E6-H6 -> 0 | J6: =IF(A6="Other",1,LEN(A6)-LEN(SUBSTITUTE(A6,",",""))+1) -> 2
A7: Account Access, Billing & Invoicing | B7: 45 | C7: 0.44 | D7: 0.44 | E7: 0.44 | F7: 0 | G7: 0 | H7: 0 | I7: =E7-H7 -> 0.44 | J7: =IF(A7="Other",1,LEN(A7)-LEN(SUBSTITUTE(A7,",",""))+1) -> 2
A8: Account Access, Billing & Invoicing, Data Integrity | B8: 1 | C8: 0 | D8: 0 | E8: 0 | F8: 0 | G8: 0 | H8: 0 | I8: =E8-H8 -> 0 | J8: =IF(A8="Other",1,LEN(A8)-LEN(SUBSTITUTE(A8,",",""))+1) -> 3
A9: Account Access, Content & Media | B9: 2 | C9: 0 | D9: 0 | E9: 0 | F9: 0 | G9: 0 | H9: 0 | I9: =E9-H9 -> 0 | J9: =IF(A9="Other",1,LEN(A9)-LEN(SUBSTITUTE(A9,",",""))+1) -> 2
A10: Account Access, Data Integrity | B10: 3 | C10: 0.33 | D10: 0.33 | E10: 0.33 | F10: 0 | G10: 0 | H10: 0 | I10: =E10-H10 -> 0.33 | J10: =IF(A10="Other",1,LEN(A10)-LEN(SUBSTITUTE(A10,",",""))+1) -> 2
A11: Account Access, Subscription Management | B11: 3 | C11: 0 | D11: 0 | E11: 0 | F11: 0 | G11: 0 | H11: 0 | I11: =E11-H11 -> 0 | J11: =IF(A11="Other",1,LEN(A11)-LEN(SUBSTITUTE(A11,",",""))+1) -> 2
A12: Account Access, Technical Support | B12: 1 | C12: 0 | D12: 0 | E12: 0 | F12: 0 | G12: 0 | H12: 0 | I12: =E12-H12 -> 0 | J12: =IF(A12="Other",1,LEN(A12)-LEN(SUBSTITUTE(A12,",",""))+1) -> 2
A13: Authentication | B13: 261 | C13: 0.85 | D13: 0.88 | E13: 0.87 | F13: 0.73 | G13: 0.92 | H13: 0.81 | I13: =E13-H13 -> 0.06 | J13: =IF(A13="Other",1,LEN(A13)-LEN(SUBSTITUTE(A13,",",""))+1) -> 1
A14: Authentication, Billing & Invoicing | B14: 2 | C14: 0 | D14: 0 | E14: 0 | F14: 0 | G14: 0 | H14: 0 | I14: =E14-H14 -> 0 | J14: =IF(A14="Other",1,LEN(A14)-LEN(SUBSTITUTE(A14,",",""))+1) -> 2
A15: Authentication, Performance | B15: 4 | C15: 0 | D15: 0 | E15: 0 | F15: 0 | G15: 0 | H15: 0 | I15: =E15-H15 -> 0 | J15: =IF(A15="Other",1,LEN(A15)-LEN(SUBSTITUTE(A15,",",""))+1) -> 2
A16: Authentication, Technical Support | B16: 1 | C16: 0 | D16: 0 | E16: 0 | F16: 0 | G16: 0 | H16: 0 | I16: =E16-H16 -> 0 | J16: =IF(A16="Other",1,LEN(A16)-LEN(SUBSTITUTE(A16,",",""))+1) -> 2
... A45: UI/UX | B45: 17 | C45: 0.62 | D45: 0.29 | E45: 0.4 | F45: 0 | G45: 0 | H45: 0 | I45: =E45-H45 -> 0.4 | J45: =IF(A45="Other",1,LEN(A45)-LEN(SUBSTITUTE(A45,",",""))+1) -> 1
A46: Overall Accuracy (= exact-set-match) | C46: 0.809987 | F46: 0.7513 | I46: =C46-F46 -> 0.058687
A47: Macro Avg | B47: =SUM(B5:B45) -> 3184 | C47: =AVERAGE(C5:C45) -> 0.38878049 | D47: =AVERAGE(D5:D45) -> 0.38756098 | E47: =AVERAGE(E5:E45) -> 0.37804878 | F47: =AVERAGE(F5:F45) -> 0.30902439 | G47: =AVERAGE(G5:G45) -> 0.26439024 | H47: =AVERAGE(H5:H45) -> 0.26195122 | I47: =E47-H47 -> 0.11609756
A48: Weighted Avg | B48: =SUM(B5:B45) -> 3184 | C48: =SUMPRODUCT(C5:C45,$B$5:$B$45)/SUM($B$5:$B$45) -> 0.79926508 | D48: =SUMPRODUCT(D5:D45,$B$5:$B$45)/SUM($B$5:$B$45) -> 0.81018844 | E48: =SUMPRODUCT(E5:E45,$B$5:$B$45)/SUM($B$5:$B$45) -> 0.80568781 | F48: =SUMPRODUCT(F5:F45,$B$5:$B$45)/SUM($B$5:$B$45) -> 0.7048304 | G48: =SUMPRODUCT(G5:G45,$B$5:$B$45)/SUM($B$5:$B$45) -> 0.75013819 | H48: =SUMPRODUCT(H5:H45,$B$5:$B$45)/SUM($B$5:$B$45) -> 0.71698807 | I48: =E48-H48 -> 0.088699749
A51: Breakdown by number of labels on the ticket (support-weighted recall = share of those tickets whose exact set was right)
A52: Tickets with… | B52: Tickets | C52: Share of tickets | D52: Llama-3.2 recall | E52: Ministral-3 recall
A53: 1 label | B53: =SUMIF($J$5:$J$45,1,$B$5:$B$45) -> 2336 | C53: =B53/SUM($B$5:$B$45) -> 0.73366834 | D53: =SUMPRODUCT(($J$5:$J$45=1)*$D$5:$D$45*$B$5:$B$45)/B53 -> 0.8593964 | E53: =SUMPRODUCT(($J$5:$J$45=1)*$G$5:$G$45*$B$5:$B$45)/B53 -> 0.81827911
A54: 2 or more labels | B54: =SUMIF($J$5:$J$45,">=2",$B$5:$B$45) -> 848 | C54: =B54/SUM($B$5:$B$45) -> 0.26633166 | D54: =SUMPRODUCT(($J$5:$J$45>=2)*$D$5:$D$45*$B$5:$B$45)/B54 -> 0.67463443 | E54: =SUMPRODUCT(($J$5:$J$45>=2)*$G$5:$G$45*$B$5:$B$45)/B54 -> 0.56242925
A56: Reading it: both models do best on single-label tickets and on Billing-based combinations. Ministral scores 0 on most other combinations (Account Access + Billing 0/45, Performance + Technical Support 0/30, Feature Request + UI/UX 0/20) and never gets 'Subscription Management' alone right (0/98); Llama gets partial credit on several of these (0.44, 0.09, 0.62, 0.41 F1 respectively).
A57: Source: Llama per-combination values were computed from its per-ticket test_results.csv (3,184 rows, labels sorted alphabetically and joined with ', '); Ministral's come from its printed report. Both rounded to 2 dp. 'Other' (5 tickets) counts as a 1-label ticket.
